CBS Loan Status,ID
Disbursed,0068p000003oiml
Disbursed,0068p000003oinz
Disbursed,0068p000003oim2
Disbursed,0068p000003oin5
Disbursed,0068p000003oimR
Disbursed,0068p000003pGNk
Disbursed,0068p000003oina
Disbursed,0068p000003o3IF
Disbursed,0068p000003o3IU
Disbursed,0068p000003oBTc
Disbursed,0068p000003o3Bt
Disbursed,0068p000003pHD1
Disbursed,0068p000003olld
Disbursed,0068p000003pHak
Disbursed,0068p000003p4Rv
Disbursed,0068p000003p4ST
Disbursed,0068p000003p4m3
Disbursed,0068p000003n4Bc
Disbursed,0068p000003n46q
Disbursed,0068p000003p7yt
Disbursed,0068p000003p7xM
Disbursed,0068p000003oidG
Disbursed,0068p000003pHAM
Disbursed,0068p000003pHAH
Disbursed,0068p000003pGtC
Disbursed,0068p000003p7yo
Disbursed,0068p000003olrI
Disbursed,0068p000003olqy
Disbursed,0068p000003oljC
Disbursed,0068p000003o2KQ
Disbursed,0068p000003o2RV
Disbursed,0068p000003o2RG
Disbursed,0068p000003o2Qw
Disbursed,0068p000003o2Po
Disbursed,0068p000003o2QD
Disbursed,0068p000003p7oB
Disbursed,0068p000003p7nS
Disbursed,0068p000003pJjs
Disbursed,0068p000003oich
Disbursed,0068p000003oicw
Disbursed,0068p000003o7SE
Disbursed,0068p000003pFrg
Disbursed,0068p000003pFrb
Disbursed,0068p000003pFsK
Disbursed,0068p000003pFTQ
Disbursed,0068p000003oid6
Disbursed,0068p000003pH1X
Disbursed,0068p000003nvVv
Disbursed,0068p000003o2R1
Disbursed,0068p000003nvVZ
Disbursed,0068p000003nvWF
Disbursed,0068p000003nvQN
Disbursed,0068p000003nvXD
Disbursed,0068p000003ojNJ
Disbursed,0068p000003pGJd
Disbursed,0068p000003pGKW
Disbursed,0068p000003n4HX
Disbursed,0068p000003n4H3
Disbursed,0068p000003oluR
Disbursed,0068p000003o53b
Disbursed,0068p000003o53l
Disbursed,0068p000003nEuQ
Disbursed,0068p000003o5tp
Disbursed,0068p000003pKg9
Disbursed,0068p000003pKio
Disbursed,0068p000003pKhq
Disbursed,0068p000003pKjD
Disbursed,0068p000003o7RB
Disbursed,0068p000003o7N9
Disbursed,0068p000003omHT
Disbursed,0068p000003omH4
Disbursed,0068p000003oltn
Disbursed,0068p000003o5cM
Disbursed,0068p000003oCrK
Disbursed,0068p000003oli9
Disbursed,0068p000003oliy
Disbursed,0068p000003pKiK
Disbursed,0068p000003p9QE
Disbursed,0068p000003p9Q9
Disbursed,0068p000003p9Q4
Disbursed,0068p000003pJk7
Disbursed,0068p000003n4Hc
Disbursed,0068p000003oBVS
Disbursed,0068p000003n4DJ
Disbursed,0068p000003pIWq
Disbursed,0068p000003n4Cu
Disbursed,0068p000003p7nr
Disbursed,0068p000003oigi
Disbursed,0068p000003o540
Disbursed,0068p000003o53W
Disbursed,0068p000003p4Ru
Disbursed,0068p000003p4Td
Disbursed,0068p000003p4kl
Disbursed,0068p000003pId9
Disbursed,0068p000003pIao
Disbursed,0068p000003pIbS
Disbursed,0068p000003pIaZ
Disbursed,0068p000003pIUi
Disbursed,0068p000003ojMu
Disbursed,0068p000003ojLG
Disbursed,0068p000003ojKm
Disbursed,0068p000003ojNn
Disbursed,0068p000003ojKc
Disbursed,0068p000003o7Rp
Disbursed,0068p000003o7RQ
Disbursed,0068p000003oTPz
Disbursed,0068p000003oTPb
Disbursed,0068p000003oTQJ
Disbursed,0068p000003oTRv
Disbursed,0068p000003p4Rk
Disbursed,0068p000003o5ux
Disbursed,0068p000003o5uY
Disbursed,0068p000003o5wW
Disbursed,0068p000003o5re
Disbursed,0068p000003pNPj
Disbursed,0068p000003pNMk
Disbursed,0068p000003omGz
Disbursed,0068p000003omHs
Disbursed,0068p000003pNNY
Disbursed,0068p000003pHDL
Disbursed,0068p000003pNMu
Disbursed,0068p000003pNNE
Disbursed,0068p000003nEst
Disbursed,0068p000003ojL1
Disbursed,0068p000003ojNd
Disbursed,0068p000003oTQY
Disbursed,0068p000003oTRW
Disbursed,0068p000003p7ok
Disbursed,0068p000003pIay
Disbursed,0068p000003o7Ra
Disbursed,0068p000003nEt3
Disbursed,0068p000003o53M
Disbursed,0068p000003o54K
Disbursed,0068p000003o5rD
Disbursed,0068p000003o5ui
Disbursed,0068p000003oidB
Disbursed,0068p000003oida
Disbursed,0068p000003p4S4
Disbursed,0068p000003p4Tx
Disbursed,0068p000003p4UM
Disbursed,0068p000003p7xW
Disbursed,0068p000003p7rd
Disbursed,0068p000003p9Pk
Disbursed,0068p000003p9QT
Disbursed,0068p000003pHDB
Disbursed,0068p000003pKgO
Disbursed,0068p000003pKhl
Disbursed,0068p000003pGJx
Disbursed,0068p000003pGKC
Disbursed,0068p000003pNK1
Disbursed,0068p000003pNNT
Disbursed,0068p000003o3CD
Disbursed,0068p000003o5cg
Disbursed,0068p000003oDCa
Disbursed,0068p000003olhV
Disbursed,0068p000003ollD
Disbursed,0068p000003ollS
Disbursed,0068p000003olu7
Disbursed,0068p000003oltJ
Disbursed,0068p000003omJo
Disbursed,0068p000003oink
Disbursed,0068p000003pNCS
Disbursed,0068p000003p7wv
Disbursed,0068p000003p7z3
Disbursed,0068p000003olgz
Disbursed,0068p000003p7oL
Disbursed,0068p000003o7NJ
Disbursed,0068p000003nvWj
Disbursed,0068p000003pGGt
Disbursed,0068p000003nEsZ
Disbursed,0068p000003pFg4
Disbursed,0068p000003olid
Disbursed,0068p000003nEsK
Disbursed,0068p000003nEtD
Disbursed,0068p000003pFpI
Disbursed,0068p000003nvY6
Disbursed,0068p000003ojO2
Disbursed,0068p000003oTUl
Disbursed,0068p000003pGNG
Disbursed,0068p000003ojKh
