"ID","?CBS LOAN STATUS","ACTUAL DISBURSEMENT DATE","OPPORTUNITY STATUS","ID","APPLICATION STATUS","STATUS"
"0068p000003oW54AAE","Disbursed","2022-09-20T01:47:59Z","Disbursed","0068p000003oW54AAE","Disbursed","Item Updated"
"0068p000003p3goAAA","Disbursed","2022-09-20T01:47:59Z","Disbursed","0068p000003p3goAAA","Disbursed","Item Updated"
"0068p000003ouyvAAA","Disbursed","2022-09-20T01:47:59Z","Disbursed","0068p000003ouyvAAA","Disbursed","Item Updated"
"0068p000003m7qbAAA","Disbursed","2022-09-20T01:47:59Z","Disbursed","0068p000003m7qbAAA","Disbursed","Item Updated"
"0068p000003pLFtAAM","Disbursed","2022-09-20T01:47:59Z","Disbursed","0068p000003pLFtAAM","Disbursed","Item Updated"
"0068p000003q2XhAAI","Disbursed","2022-09-20T01:47:59Z","Disbursed","0068p000003q2XhAAI","Disbursed","Item Updated"
"0068p000003ovCaAAI","Disbursed","2022-09-20T01:47:59Z","Disbursed","0068p000003ovCaAAI","Disbursed","Item Updated"
"0068p000003q5KGAAY","Disbursed","2022-09-20T01:47:59Z","Disbursed","0068p000003q5KGAAY","Disbursed","Item Updated"
"0068p000003pAFkAAM","Disbursed","2022-09-20T01:47:59Z","Disbursed","0068p000003pAFkAAM","Disbursed","Item Updated"
"0068p000003qpJuAAI","Disbursed","2022-09-20T01:47:59Z","Disbursed","0068p000003qpJuAAI","Disbursed","Item Updated"
"0068p000003kwAnAAI","Disbursed","2022-09-20T01:47:59Z","Disbursed","0068p000003kwAnAAI","Disbursed","Item Updated"
"0068p000003p6BJAAY","Disbursed","2022-09-20T01:47:59Z","Disbursed","0068p000003p6BJAAY","Disbursed","Item Updated"
"0068p000003SWvCAAW","Disbursed","2022-09-20T01:47:59Z","Disbursed","0068p000003SWvCAAW","Disbursed","Item Updated"
"0068p000003huezAAA","Disbursed","2022-09-20T01:47:59Z","Disbursed","0068p000003huezAAA","Disbursed","Item Updated"
"0068p000003hueyAAA","Disbursed","2022-09-20T01:47:59Z","Disbursed","0068p000003hueyAAA","Disbursed","Item Updated"
"0068p000003q5OwAAI","Disbursed","2022-09-20T01:47:59Z","Disbursed","0068p000003q5OwAAI","Disbursed","Item Updated"
"0068p000003q4PhAAI","Disbursed","2022-09-20T01:47:59Z","Disbursed","0068p000003q4PhAAI","Disbursed","Item Updated"
"0068p000003pbGXAAY","Disbursed","2022-09-20T01:47:59Z","Disbursed","0068p000003pbGXAAY","Disbursed","Item Updated"
"0068p000003qYS7AAM","Disbursed","2022-09-20T01:47:59Z","Disbursed","0068p000003qYS7AAM","Disbursed","Item Updated"
"0068p000003qYS6AAM","Disbursed","2022-09-20T01:47:59Z","Disbursed","0068p000003qYS6AAM","Disbursed","Item Updated"
"0068p000003qYSZAA2","Disbursed","2022-09-20T01:47:59Z","Disbursed","0068p000003qYSZAA2","Disbursed","Item Updated"
"0068p000003q601AAA","Disbursed","2022-09-20T01:47:59Z","Disbursed","0068p000003q601AAA","Disbursed","Item Updated"
"0068p000003q4dZAAQ","Disbursed","2022-09-20T01:47:59Z","Disbursed","0068p000003q4dZAAQ","Disbursed","Item Updated"
"0068p000003pzLLAAY","Disbursed","2022-09-20T01:47:59Z","Disbursed","0068p000003pzLLAAY","Disbursed","Item Updated"
"0068p000003qLuqAAE","Disbursed","2022-09-20T01:47:59Z","Disbursed","0068p000003qLuqAAE","Disbursed","Item Updated"
"0068p000003pxu8AAA","Disbursed","2022-09-20T01:47:59Z","Disbursed","0068p000003pxu8AAA","Disbursed","Item Updated"
"0068p000003sSHSAA2","Disbursed","2022-09-20T01:47:59Z","Disbursed","0068p000003sSHSAA2","Disbursed","Item Updated"
"0068p000003lQRbAAM","Disbursed","2022-09-20T01:47:59Z","Disbursed","0068p000003lQRbAAM","Disbursed","Item Updated"
"0068p000003paiUAAQ","Disbursed","2022-09-20T01:47:59Z","Disbursed","0068p000003paiUAAQ","Disbursed","Item Updated"
"0068p000003okHvAAI","Disbursed","2022-09-20T01:47:59Z","Disbursed","0068p000003okHvAAI","Disbursed","Item Updated"
"0068p000003oikRAAQ","Disbursed","2022-09-20T01:47:59Z","Disbursed","0068p000003oikRAAQ","Disbursed","Item Updated"
"0068p000003pJ4rAAE","Disbursed","2022-09-20T01:47:59Z","Disbursed","0068p000003pJ4rAAE","Disbursed","Item Updated"
"0068p000003ovlbAAA","Disbursed","2022-09-20T01:47:59Z","Disbursed","0068p000003ovlbAAA","Disbursed","Item Updated"
"0068p000003pE6aAAE","Disbursed","2022-09-20T01:47:59Z","Disbursed","0068p000003pE6aAAE","Disbursed","Item Updated"
"0068p000003oikQAAQ","Disbursed","2022-09-20T01:47:59Z","Disbursed","0068p000003oikQAAQ","Disbursed","Item Updated"
"0068p000003ofPUAAY","Disbursed","2022-09-20T01:47:59Z","Disbursed","0068p000003ofPUAAY","Disbursed","Item Updated"
"0068p000003pzaEAAQ","Disbursed","2022-09-20T01:47:59Z","Disbursed","0068p000003pzaEAAQ","Disbursed","Item Updated"
"0068p000003qp7eAAA","Disbursed","2022-09-20T01:47:59Z","Disbursed","0068p000003qp7eAAA","Disbursed","Item Updated"
"0068p000003qndXAAQ","Disbursed","2022-09-20T01:47:59Z","Disbursed","0068p000003qndXAAQ","Disbursed","Item Updated"
"0068p000003j0gZAAQ","Disbursed","2022-09-20T01:47:59Z","Disbursed","0068p000003j0gZAAQ","Disbursed","Item Updated"
"0068p000003hub3AAA","Disbursed","2022-09-20T01:47:59Z","Disbursed","0068p000003hub3AAA","Disbursed","Item Updated"
"0068p000003muf3AAA","Disbursed","2022-09-20T01:47:59Z","Disbursed","0068p000003muf3AAA","Disbursed","Item Updated"
"0068p000003kx30AAA","Disbursed","2022-09-20T01:47:59Z","Disbursed","0068p000003kx30AAA","Disbursed","Item Updated"
"0068p000003l3AgAAI","Disbursed","2022-09-20T01:47:59Z","Disbursed","0068p000003l3AgAAI","Disbursed","Item Updated"
"0068p000003lQRaAAM","Disbursed","2022-09-20T01:47:59Z","Disbursed","0068p000003lQRaAAM","Disbursed","Item Updated"
"0068p000003oksGAAQ","Disbursed","2022-09-20T01:47:59Z","Disbursed","0068p000003oksGAAQ","Disbursed","Item Updated"
"0068p000003kYCzAAM","Disbursed","2022-09-20T01:47:59Z","Disbursed","0068p000003kYCzAAM","Disbursed","Item Updated"
"0068p000003k1XPAAY","Disbursed","2022-09-20T01:47:59Z","Disbursed","0068p000003k1XPAAY","Disbursed","Item Updated"
"0068p000003kZ4xAAE","Disbursed","2022-09-20T01:47:59Z","Disbursed","0068p000003kZ4xAAE","Disbursed","Item Updated"
"0068p000003kZ1AAAU","Disbursed","2022-09-20T01:47:59Z","Disbursed","0068p000003kZ1AAAU","Disbursed","Item Updated"
"0068p000003okXFAAY","Disbursed","2022-09-20T01:47:59Z","Disbursed","0068p000003okXFAAY","Disbursed","Item Updated"
"0068p000003mBvbAAE","Disbursed","2022-09-20T01:47:59Z","Disbursed","0068p000003mBvbAAE","Disbursed","Item Updated"
"0068p000003mAE4AAM","Disbursed","2022-09-20T01:47:59Z","Disbursed","0068p000003mAE4AAM","Disbursed","Item Updated"
"0068p000003pgo2AAA","Disbursed","2022-09-20T01:47:59Z","Disbursed","0068p000003pgo2AAA","Disbursed","Item Updated"
"0068p000003pgo1AAA","Disbursed","2022-09-20T01:47:59Z","Disbursed","0068p000003pgo1AAA","Disbursed","Item Updated"
"0068p000003pfCjAAI","Disbursed","2022-09-20T01:47:59Z","Disbursed","0068p000003pfCjAAI","Disbursed","Item Updated"
"0068p000003kiG1AAI","Disbursed","2022-09-20T01:47:59Z","Disbursed","0068p000003kiG1AAI","Disbursed","Item Updated"
"0068p000003itMtAAI","Disbursed","2022-09-20T01:47:59Z","Disbursed","0068p000003itMtAAI","Disbursed","Item Updated"
"0068p000003ki3XAAQ","Disbursed","2022-09-20T01:47:59Z","Disbursed","0068p000003ki3XAAQ","Disbursed","Item Updated"
"0068p000003kjKSAAY","Disbursed","2022-09-20T01:47:59Z","Disbursed","0068p000003kjKSAAY","Disbursed","Item Updated"
"0068p000003m6kUAAQ","Disbursed","2022-09-20T01:47:59Z","Disbursed","0068p000003m6kUAAQ","Disbursed","Item Updated"
"0068p000003pIJjAAM","Disbursed","2022-09-20T01:47:59Z","Disbursed","0068p000003pIJjAAM","Disbursed","Item Updated"
"0068p000003lv3KAAQ","Disbursed","2022-09-20T01:47:59Z","Disbursed","0068p000003lv3KAAQ","Disbursed","Item Updated"
"0068p000003m7N0AAI","Disbursed","2022-09-20T01:47:59Z","Disbursed","0068p000003m7N0AAI","Disbursed","Item Updated"
"0068p000003pcy5AAA","Disbursed","2022-09-20T01:47:59Z","Disbursed","0068p000003pcy5AAA","Disbursed","Item Updated"
"0068p000003pdycAAA","Disbursed","2022-09-20T01:47:59Z","Disbursed","0068p000003pdycAAA","Disbursed","Item Updated"
"0068p000003pz64AAA","Disbursed","2022-09-20T01:47:59Z","Disbursed","0068p000003pz64AAA","Disbursed","Item Updated"
"0068p000003pdz6AAA","Disbursed","2022-09-20T01:47:59Z","Disbursed","0068p000003pdz6AAA","Disbursed","Item Updated"
"0068p000003mtilAAA","Disbursed","2022-09-20T01:47:59Z","Disbursed","0068p000003mtilAAA","Disbursed","Item Updated"
"0068p000003pdz5AAA","Disbursed","2022-09-20T01:47:59Z","Disbursed","0068p000003pdz5AAA","Disbursed","Item Updated"
"0068p000003o6mHAAQ","Disbursed","2022-09-20T01:47:59Z","Disbursed","0068p000003o6mHAAQ","Disbursed","Item Updated"
"0068p000003o6h7AAA","Disbursed","2022-09-20T01:47:59Z","Disbursed","0068p000003o6h7AAA","Disbursed","Item Updated"
"0068p000003o4IXAAY","Disbursed","2022-09-20T01:47:59Z","Disbursed","0068p000003o4IXAAY","Disbursed","Item Updated"
"0068p000003rB2tAAE","Disbursed","2022-09-20T01:47:59Z","Disbursed","0068p000003rB2tAAE","Disbursed","Item Updated"
"0068p000003mu6sAAA","Disbursed","2022-09-20T01:47:59Z","Disbursed","0068p000003mu6sAAA","Disbursed","Item Updated"
"0068p000003pkDIAAY","Disbursed","2022-09-20T01:47:59Z","Disbursed","0068p000003pkDIAAY","Disbursed","Item Updated"
"0068p000003pfYWAAY","Disbursed","2022-09-20T01:47:59Z","Disbursed","0068p000003pfYWAAY","Disbursed","Item Updated"
"0068p000003ops0AAA","Disbursed","2022-09-20T01:47:59Z","Disbursed","0068p000003ops0AAA","Disbursed","Item Updated"
"0068p000003mRL9AAM","Disbursed","2022-09-20T01:47:59Z","Disbursed","0068p000003mRL9AAM","Disbursed","Item Updated"
"0068p000003nSM6AAM","Disbursed","2022-09-20T01:47:59Z","Disbursed","0068p000003nSM6AAM","Disbursed","Item Updated"
"0068p000003nSPiAAM","Disbursed","2022-09-20T01:47:59Z","Disbursed","0068p000003nSPiAAM","Disbursed","Item Updated"
"0068p000003nSM5AAM","Disbursed","2022-09-20T01:47:59Z","Disbursed","0068p000003nSM5AAM","Disbursed","Item Updated"
"0068p000003mBUfAAM","Disbursed","2022-09-20T01:47:59Z","Disbursed","0068p000003mBUfAAM","Disbursed","Item Updated"
"0068p000003pHBUAA2","Disbursed","2022-09-20T01:47:59Z","Disbursed","0068p000003pHBUAA2","Disbursed","Item Updated"
"0068p000003pPD8AAM","Disbursed","2022-09-20T01:47:59Z","Disbursed","0068p000003pPD8AAM","Disbursed","Item Updated"
"0068p000003oFsgAAE","Disbursed","2022-09-20T01:47:59Z","Disbursed","0068p000003oFsgAAE","Disbursed","Item Updated"
"0068p000003pHm1AAE","Disbursed","2022-09-20T01:47:59Z","Disbursed","0068p000003pHm1AAE","Disbursed","Item Updated"
"0068p000003q1EYAAY","Disbursed","2022-09-20T01:47:59Z","Disbursed","0068p000003q1EYAAY","Disbursed","Item Updated"
"0068p000003pyOdAAI","Disbursed","2022-09-20T01:47:59Z","Disbursed","0068p000003pyOdAAI","Disbursed","Item Updated"
"0068p000003q1IpAAI","Disbursed","2022-09-20T01:47:59Z","Disbursed","0068p000003q1IpAAI","Disbursed","Item Updated"
"0068p000003py0vAAA","Disbursed","2022-09-20T01:47:59Z","Disbursed","0068p000003py0vAAA","Disbursed","Item Updated"
"0068p000003pyqgAAA","Disbursed","2022-09-20T01:47:59Z","Disbursed","0068p000003pyqgAAA","Disbursed","Item Updated"
"0068p000003omnSAAQ","Disbursed","2022-09-20T01:47:59Z","Disbursed","0068p000003omnSAAQ","Disbursed","Item Updated"
"0068p000003rCO2AAM","Disbursed","2022-09-20T01:47:59Z","Disbursed","0068p000003rCO2AAM","Disbursed","Item Updated"
"0068p000003qDcTAAU","Disbursed","2022-09-20T01:47:59Z","Disbursed","0068p000003qDcTAAU","Disbursed","Item Updated"
"0068p000003qBswAAE","Disbursed","2022-09-20T01:47:59Z","Disbursed","0068p000003qBswAAE","Disbursed","Item Updated"
"0068p000003r9qCAAQ","Disbursed","2022-09-20T01:47:59Z","Disbursed","0068p000003r9qCAAQ","Disbursed","Item Updated"
"0068p000003rl18AAA","Disbursed","2022-09-20T01:47:59Z","Disbursed","0068p000003rl18AAA","Disbursed","Item Updated"
"0068p000003prHLAAY","Disbursed","2022-09-20T01:47:59Z","Disbursed","0068p000003prHLAAY","Disbursed","Item Updated"
"0068p000003qHqBAAU","Disbursed","2022-09-20T01:47:59Z","Disbursed","0068p000003qHqBAAU","Disbursed","Item Updated"
"0068p000003qGqoAAE","Disbursed","2022-09-20T01:47:59Z","Disbursed","0068p000003qGqoAAE","Disbursed","Item Updated"
"0068p000003qQ9ZAAU","Disbursed","2022-09-20T01:47:59Z","Disbursed","0068p000003qQ9ZAAU","Disbursed","Item Updated"
"0068p000003qkmIAAQ","Disbursed","2022-09-20T01:47:59Z","Disbursed","0068p000003qkmIAAQ","Disbursed","Item Updated"
"0068p000003qQ9YAAU","Disbursed","2022-09-20T01:47:59Z","Disbursed","0068p000003qQ9YAAU","Disbursed","Item Updated"
"0068p000003mQooAAE","Disbursed","2022-09-20T01:47:59Z","Disbursed","0068p000003mQooAAE","Disbursed","Item Updated"
"0068p000003mR8yAAE","Disbursed","2022-09-20T01:47:59Z","Disbursed","0068p000003mR8yAAE","Disbursed","Item Updated"
"0068p000003p5BZAAY","Disbursed","2022-09-20T01:47:59Z","Disbursed","0068p000003p5BZAAY","Disbursed","Item Updated"
"0068p000003omssAAA","Disbursed","2022-09-20T01:47:59Z","Disbursed","0068p000003omssAAA","Disbursed","Item Updated"
"0068p000003jcKRAAY","Disbursed","2022-09-20T01:47:59Z","Disbursed","0068p000003jcKRAAY","Disbursed","Item Updated"
"0068p000003omsrAAA","Disbursed","2022-09-20T01:47:59Z","Disbursed","0068p000003omsrAAA","Disbursed","Item Updated"
"0068p000003octsAAA","Disbursed","2022-09-20T01:47:59Z","Disbursed","0068p000003octsAAA","Disbursed","Item Updated"
"0068p000003o7DOAAY","Disbursed","2022-09-20T01:47:59Z","Disbursed","0068p000003o7DOAAY","Disbursed","Item Updated"
"0068p000003mlxvAAA","Disbursed","2022-09-20T01:47:59Z","Disbursed","0068p000003mlxvAAA","Disbursed","Item Updated"
"0068p000003iMImAAM","Disbursed","2022-09-20T01:47:59Z","Disbursed","0068p000003iMImAAM","Disbursed","Item Updated"
"0068p000003obtQAAQ","Disbursed","2022-09-20T01:47:59Z","Disbursed","0068p000003obtQAAQ","Disbursed","Item Updated"
"0068p000003nMO4AAM","Disbursed","2022-09-20T01:47:59Z","Disbursed","0068p000003nMO4AAM","Disbursed","Item Updated"
"0068p000003pdMVAAY","Disbursed","2022-09-20T01:47:59Z","Disbursed","0068p000003pdMVAAY","Disbursed","Item Updated"
"0068p000003ojDSAAY","Disbursed","2022-09-20T01:47:59Z","Disbursed","0068p000003ojDSAAY","Disbursed","Item Updated"
"0068p000003pb3iAAA","Disbursed","2022-09-20T01:47:59Z","Disbursed","0068p000003pb3iAAA","Disbursed","Item Updated"
"0068p000003oBgiAAE","Disbursed","2022-09-20T01:47:59Z","Disbursed","0068p000003oBgiAAE","Disbursed","Item Updated"
"0068p000003rnqoAAA","Disbursed","2022-09-20T01:47:59Z","Disbursed","0068p000003rnqoAAA","Disbursed","Item Updated"
"0068p000003qDhsAAE","Disbursed","2022-09-20T01:47:59Z","Disbursed","0068p000003qDhsAAE","Disbursed","Item Updated"
"0068p000003qDxHAAU","Disbursed","2022-09-20T01:47:59Z","Disbursed","0068p000003qDxHAAU","Disbursed","Item Updated"
"0068p000003oPzKAAU","Disbursed","2022-09-20T01:47:59Z","Disbursed","0068p000003oPzKAAU","Disbursed","Item Updated"
"0068p000003kXDpAAM","Disbursed","2022-09-20T01:47:59Z","Disbursed","0068p000003kXDpAAM","Disbursed","Item Updated"
"0068p000003pa9OAAQ","Disbursed","2022-09-20T01:47:59Z","Disbursed","0068p000003pa9OAAQ","Disbursed","Item Updated"
"0068p000003pZ09AAE","Disbursed","2022-09-20T01:47:59Z","Disbursed","0068p000003pZ09AAE","Disbursed","Item Updated"
"0068p000003olS0AAI","Disbursed","2022-09-20T01:47:59Z","Disbursed","0068p000003olS0AAI","Disbursed","Item Updated"
"0068p000003oow1AAA","Disbursed","2022-09-20T01:47:59Z","Disbursed","0068p000003oow1AAA","Disbursed","Item Updated"
"0068p000003pZ1xAAE","Disbursed","2022-09-20T01:47:59Z","Disbursed","0068p000003pZ1xAAE","Disbursed","Item Updated"
"0068p000003jaTfAAI","Disbursed","2022-09-20T01:47:59Z","Disbursed","0068p000003jaTfAAI","Disbursed","Item Updated"
"0068p000003jaSXAAY","Disbursed","2022-09-20T01:47:59Z","Disbursed","0068p000003jaSXAAY","Disbursed","Item Updated"
"0068p000003o9yfAAA","Disbursed","2022-09-20T01:47:59Z","Disbursed","0068p000003o9yfAAA","Disbursed","Item Updated"
"0068p000003osyIAAQ","Disbursed","2022-09-20T01:47:59Z","Disbursed","0068p000003osyIAAQ","Disbursed","Item Updated"
"0068p000003nrrEAAQ","Disbursed","2022-09-20T01:47:59Z","Disbursed","0068p000003nrrEAAQ","Disbursed","Item Updated"
"0068p000003ojkPAAQ","Disbursed","2022-09-20T01:47:59Z","Disbursed","0068p000003ojkPAAQ","Disbursed","Item Updated"
"0068p000003qHEHAA2","Disbursed","2022-09-20T01:47:59Z","Disbursed","0068p000003qHEHAA2","Disbursed","Item Updated"
"0068p000003oEaSAAU","Disbursed","2022-09-20T01:47:59Z","Disbursed","0068p000003oEaSAAU","Disbursed","Item Updated"
"0068p000003rPeNAAU","Disbursed","2022-09-20T01:47:59Z","Disbursed","0068p000003rPeNAAU","Disbursed","Item Updated"
"0068p000003rPQBAA2","Disbursed","2022-09-20T01:47:59Z","Disbursed","0068p000003rPQBAA2","Disbursed","Item Updated"
"0068p000003r9ceAAA","Disbursed","2022-09-20T01:47:59Z","Disbursed","0068p000003r9ceAAA","Disbursed","Item Updated"
"0068p000003k3JYAAY","Disbursed","2022-09-20T01:47:59Z","Disbursed","0068p000003k3JYAAY","Disbursed","Item Updated"
"0068p000003r9ccAAA","Disbursed","2022-09-20T01:47:59Z","Disbursed","0068p000003r9ccAAA","Disbursed","Item Updated"
"0068p000003r9i9AAA","Disbursed","2022-09-20T01:47:59Z","Disbursed","0068p000003r9i9AAA","Disbursed","Item Updated"
"0068p000003j1pDAAQ","Disbursed","2022-09-20T01:47:59Z","Disbursed","0068p000003j1pDAAQ","Disbursed","Item Updated"
"0068p000003sC6XAAU","Disbursed","2022-09-20T01:47:59Z","Disbursed","0068p000003sC6XAAU","Disbursed","Item Updated"
"0068p000003r4qCAAQ","Disbursed","2022-09-20T01:47:59Z","Disbursed","0068p000003r4qCAAQ","Disbursed","Item Updated"
"0068p000003bsLyAAI","Disbursed","2022-09-20T01:47:59Z","Disbursed","0068p000003bsLyAAI","Disbursed","Item Updated"
"0068p000003syTXAAY","Disbursed","2022-09-20T01:47:59Z","Disbursed","0068p000003syTXAAY","Disbursed","Item Updated"
"0068p000003o70eAAA","Disbursed","2022-09-20T01:47:59Z","Disbursed","0068p000003o70eAAA","Disbursed","Item Updated"
"0068p000003o9rUAAQ","Disbursed","2022-09-20T01:47:59Z","Disbursed","0068p000003o9rUAAQ","Disbursed","Item Updated"
"0068p000003oEaTAAU","Disbursed","2022-09-20T01:47:59Z","Disbursed","0068p000003oEaTAAU","Disbursed","Item Updated"
"0068p000003mv5SAAQ","Disbursed","2022-09-20T01:47:59Z","Disbursed","0068p000003mv5SAAQ","Disbursed","Item Updated"
"0068p000003ro2BAAQ","Disbursed","2022-09-20T01:47:59Z","Disbursed","0068p000003ro2BAAQ","Disbursed","Item Updated"
"0068p000003rnrnAAA","Disbursed","2022-09-20T01:47:59Z","Disbursed","0068p000003rnrnAAA","Disbursed","Item Updated"
"0068p000003otqkAAA","Disbursed","2022-09-20T01:47:59Z","Disbursed","0068p000003otqkAAA","Disbursed","Item Updated"
"0068p000003pGajAAE","Disbursed","2022-09-20T01:47:59Z","Disbursed","0068p000003pGajAAE","Disbursed","Item Updated"
"0068p000003pWhFAAU","Disbursed","2022-09-20T01:47:59Z","Disbursed","0068p000003pWhFAAU","Disbursed","Item Updated"
"0068p000003kWZeAAM","Disbursed","2022-09-20T01:47:59Z","Disbursed","0068p000003kWZeAAM","Disbursed","Item Updated"
"0068p000003pz0rAAA","Disbursed","2022-09-20T01:47:59Z","Disbursed","0068p000003pz0rAAA","Disbursed","Item Updated"
"0068p000003pz0pAAA","Disbursed","2022-09-20T01:47:59Z","Disbursed","0068p000003pz0pAAA","Disbursed","Item Updated"
"0068p000003lQYnAAM","Disbursed","2022-09-20T01:47:59Z","Disbursed","0068p000003lQYnAAM","Disbursed","Item Updated"
"0068p000003lz3YAAQ","Disbursed","2022-09-20T01:47:59Z","Disbursed","0068p000003lz3YAAQ","Disbursed","Item Updated"
"0068p000003mm36AAA","Disbursed","2022-09-20T01:47:59Z","Disbursed","0068p000003mm36AAA","Disbursed","Item Updated"
"0068p000003bsLxAAI","Disbursed","2022-09-20T01:47:59Z","Disbursed","0068p000003bsLxAAI","Disbursed","Item Updated"
"0068p000003j0leAAA","Disbursed","2022-09-20T01:47:59Z","Disbursed","0068p000003j0leAAA","Disbursed","Item Updated"
"0068p000003pW2oAAE","Disbursed","2022-09-20T01:47:59Z","Disbursed","0068p000003pW2oAAE","Disbursed","Item Updated"
"0068p000003pYUcAAM","Disbursed","2022-09-20T01:47:59Z","Disbursed","0068p000003pYUcAAM","Disbursed","Item Updated"
"0068p000003m2VKAAY","Disbursed","2022-09-20T01:47:59Z","Disbursed","0068p000003m2VKAAY","Disbursed","Item Updated"
"0068p000003mqRHAAY","Disbursed","2022-09-20T01:47:59Z","Disbursed","0068p000003mqRHAAY","Disbursed","Item Updated"
"0068p000003oWF4AAM","Disbursed","2022-09-20T01:47:59Z","Disbursed","0068p000003oWF4AAM","Disbursed","Item Updated"
"0068p000003mlxWAAQ","Disbursed","2022-09-20T01:47:59Z","Disbursed","0068p000003mlxWAAQ","Disbursed","Item Updated"
"0068p000003dcgtAAA","Disbursed","2022-09-20T01:47:59Z","Disbursed","0068p000003dcgtAAA","Disbursed","Item Updated"
"0068p000003qmJWAAY","Disbursed","2022-09-20T01:47:59Z","Disbursed","0068p000003qmJWAAY","Disbursed","Item Updated"
"0068p000003orHXAAY","Disbursed","2022-09-20T01:47:59Z","Disbursed","0068p000003orHXAAY","Disbursed","Item Updated"
"0068p000003opsCAAQ","Disbursed","2022-09-20T01:47:59Z","Disbursed","0068p000003opsCAAQ","Disbursed","Item Updated"
"0068p000003kxSSAAY","Disbursed","2022-09-20T01:47:59Z","Disbursed","0068p000003kxSSAAY","Disbursed","Item Updated"
"0068p000003pNdKAAU","Disbursed","2022-09-20T01:47:59Z","Disbursed","0068p000003pNdKAAU","Disbursed","Item Updated"
"0068p000003pBGtAAM","Disbursed","2022-09-20T01:47:59Z","Disbursed","0068p000003pBGtAAM","Disbursed","Item Updated"
"0068p000003mt1mAAA","Disbursed","2022-09-20T01:47:59Z","Disbursed","0068p000003mt1mAAA","Disbursed","Item Updated"
"0068p000003pITAAA2","Disbursed","2022-09-20T01:47:59Z","Disbursed","0068p000003pITAAA2","Disbursed","Item Updated"
"0068p000003pal4AAA","Disbursed","2022-09-20T01:47:59Z","Disbursed","0068p000003pal4AAA","Disbursed","Item Updated"
"0068p000003pb3JAAQ","Disbursed","2022-09-20T01:47:59Z","Disbursed","0068p000003pb3JAAQ","Disbursed","Item Updated"
"0068p000003syTYAAY","Disbursed","2022-09-20T01:47:59Z","Disbursed","0068p000003syTYAAY","Disbursed","Item Updated"
"0068p000003pbGYAAY","Disbursed","2022-09-20T01:47:59Z","Disbursed","0068p000003pbGYAAY","Disbursed","Item Updated"
"0068p000003k17rAAA","Disbursed","2022-09-20T01:47:59Z","Disbursed","0068p000003k17rAAA","Disbursed","Item Updated"
"0068p000003pFXHAA2","Disbursed","2022-09-20T01:47:59Z","Disbursed","0068p000003pFXHAA2","Disbursed","Item Updated"
"0068p000003qaNhAAI","Disbursed","2022-09-20T01:47:59Z","Disbursed","0068p000003qaNhAAI","Disbursed","Item Updated"
"0068p000003qYS5AAM","Disbursed","2022-09-20T01:47:59Z","Disbursed","0068p000003qYS5AAM","Disbursed","Item Updated"
"0068p000003rAJjAAM","Disbursed","2022-09-20T01:47:59Z","Disbursed","0068p000003rAJjAAM","Disbursed","Item Updated"
"0068p000003sCH1AAM","Disbursed","2022-09-20T01:47:59Z","Disbursed","0068p000003sCH1AAM","Disbursed","Item Updated"
"0068p000003jcKSAAY","Disbursed","2022-09-20T01:47:59Z","Disbursed","0068p000003jcKSAAY","Disbursed","Item Updated"
"0068p000003omgCAAQ","Disbursed","2022-09-20T01:47:59Z","Disbursed","0068p000003omgCAAQ","Disbursed","Item Updated"
"0068p000003iUflAAE","Disbursed","2022-09-20T01:47:59Z","Disbursed","0068p000003iUflAAE","Disbursed","Item Updated"
"0068p000003nJIkAAM","Disbursed","2022-09-20T01:47:59Z","Disbursed","0068p000003nJIkAAM","Disbursed","Item Updated"
"0068p000003kWtdAAE","Disbursed","2022-09-20T01:47:59Z","Disbursed","0068p000003kWtdAAE","Disbursed","Item Updated"
"0068p000003pXMbAAM","Disbursed","2022-09-20T01:47:59Z","Disbursed","0068p000003pXMbAAM","Disbursed","Item Updated"
"0068p000003pz0qAAA","Disbursed","2022-09-20T01:47:59Z","Disbursed","0068p000003pz0qAAA","Disbursed","Item Updated"
"0068p000003omt1AAA","Disbursed","2022-09-20T01:47:59Z","Disbursed","0068p000003omt1AAA","Disbursed","Item Updated"
"0068p000003l2shAAA","Disbursed","2022-09-20T01:47:59Z","Disbursed","0068p000003l2shAAA","Disbursed","Item Updated"
"0068p000003psM6AAI","Disbursed","2022-09-20T01:47:59Z","Disbursed","0068p000003psM6AAI","Disbursed","Item Updated"
"0068p000003j1JGAAY","Disbursed","2022-09-20T01:47:59Z","Disbursed","0068p000003j1JGAAY","Disbursed","Item Updated"
"0068p000003mGysAAE","Disbursed","2022-09-20T01:47:59Z","Disbursed","0068p000003mGysAAE","Disbursed","Item Updated"
"0068p000003mGyvAAE","Disbursed","2022-09-20T01:47:59Z","Disbursed","0068p000003mGyvAAE","Disbursed","Item Updated"
"0068p000003qsSkAAI","Disbursed","2022-09-20T01:47:59Z","Disbursed","0068p000003qsSkAAI","Disbursed","Item Updated"
"0068p000003q4apAAA","Disbursed","2022-09-20T01:47:59Z","Disbursed","0068p000003q4apAAA","Disbursed","Item Updated"
"0068p000003p8xoAAA","Disbursed","2022-09-20T01:47:59Z","Disbursed","0068p000003p8xoAAA","Disbursed","Item Updated"
"0068p000003kKHjAAM","Disbursed","2022-09-20T01:47:59Z","Disbursed","0068p000003kKHjAAM","Disbursed","Item Updated"
"0068p000003kOMVAA2","Disbursed","2022-09-20T01:47:59Z","Disbursed","0068p000003kOMVAA2","Disbursed","Item Updated"
"0068p000003kKaGAAU","Disbursed","2022-09-20T01:47:59Z","Disbursed","0068p000003kKaGAAU","Disbursed","Item Updated"
"0068p000003n7SoAAI","Disbursed","2022-09-20T01:47:59Z","Disbursed","0068p000003n7SoAAI","Disbursed","Item Updated"
"0068p000003n8lDAAQ","Disbursed","2022-09-20T01:47:59Z","Disbursed","0068p000003n8lDAAQ","Disbursed","Item Updated"
"0068p000003o3KeAAI","Disbursed","2022-09-20T01:47:59Z","Disbursed","0068p000003o3KeAAI","Disbursed","Item Updated"
"0068p000003q5jGAAQ","Disbursed","2022-09-20T01:47:59Z","Disbursed","0068p000003q5jGAAQ","Disbursed","Item Updated"
"0068p000003mGyhAAE","Disbursed","2022-09-20T01:47:59Z","Disbursed","0068p000003mGyhAAE","Disbursed","Item Updated"
"0068p000003pe3HAAQ","Disbursed","2022-09-20T01:47:59Z","Disbursed","0068p000003pe3HAAQ","Disbursed","Item Updated"
"0068p000003p2iRAAQ","Disbursed","2022-09-20T01:47:59Z","Disbursed","0068p000003p2iRAAQ","Disbursed","Item Updated"
"0068p000003p9joAAA","Disbursed","2022-09-20T01:47:59Z","Disbursed","0068p000003p9joAAA","Disbursed","Item Updated"
"0068p000003m875AAA","Disbursed","2022-09-20T01:47:59Z","Disbursed","0068p000003m875AAA","Disbursed","Item Updated"
"0068p000003oCHCAA2","Disbursed","2022-09-20T01:47:59Z","Disbursed","0068p000003oCHCAA2","Disbursed","Item Updated"
"0068p000003nxaGAAQ","Disbursed","2022-09-20T01:47:59Z","Disbursed","0068p000003nxaGAAQ","Disbursed","Item Updated"
"0068p000003lF85AAE","Disbursed","2022-09-20T01:47:59Z","Disbursed","0068p000003lF85AAE","Disbursed","Item Updated"
"0068p000003qXaqAAE","Disbursed","2022-09-20T01:47:59Z","Disbursed","0068p000003qXaqAAE","Disbursed","Item Updated"
"0068p000003nCpsAAE","Disbursed","2022-09-20T01:47:59Z","Disbursed","0068p000003nCpsAAE","Disbursed","Item Updated"
"0068p000003kwU9AAI","Disbursed","2022-09-20T01:47:59Z","Disbursed","0068p000003kwU9AAI","Disbursed","Item Updated"
"0068p000003odAMAAY","Disbursed","2022-09-20T01:47:59Z","Disbursed","0068p000003odAMAAY","Disbursed","Item Updated"
"0068p000003SWvEAAW","Disbursed","2022-09-20T01:47:59Z","Disbursed","0068p000003SWvEAAW","Disbursed","Item Updated"
"0068p000003huePAAQ","Disbursed","2022-09-20T01:47:59Z","Disbursed","0068p000003huePAAQ","Disbursed","Item Updated"
"0068p000003m71ZAAQ","Disbursed","2022-09-20T01:47:59Z","Disbursed","0068p000003m71ZAAQ","Disbursed","Item Updated"
"0068p000003sSQWAA2","Disbursed","2022-09-20T01:47:59Z","Disbursed","0068p000003sSQWAA2","Disbursed","Item Updated"
"0068p000003pLziAAE","Disbursed","2022-09-20T01:47:59Z","Disbursed","0068p000003pLziAAE","Disbursed","Item Updated"
"0068p000003pdMGAAY","Disbursed","2022-09-20T01:47:59Z","Disbursed","0068p000003pdMGAAY","Disbursed","Item Updated"
"0068p000003orHWAAY","Disbursed","2022-09-20T01:47:59Z","Disbursed","0068p000003orHWAAY","Disbursed","Item Updated"
"0068p000003or9mAAA","Disbursed","2022-09-20T01:47:59Z","Disbursed","0068p000003or9mAAA","Disbursed","Item Updated"
"0068p000003q4s0AAA","Disbursed","2022-09-20T01:47:59Z","Disbursed","0068p000003q4s0AAA","Disbursed","Item Updated"
"0068p000003izxFAAQ","Disbursed","2022-09-20T01:47:59Z","Disbursed","0068p000003izxFAAQ","Disbursed","Item Updated"
"0068p000003pLAXAA2","Disbursed","2022-09-20T01:47:59Z","Disbursed","0068p000003pLAXAA2","Disbursed","Item Updated"
"0068p000003pVHrAAM","Disbursed","2022-09-20T01:47:59Z","Disbursed","0068p000003pVHrAAM","Disbursed","Item Updated"
"0068p000003pKGGAA2","Disbursed","2022-09-20T01:47:59Z","Disbursed","0068p000003pKGGAA2","Disbursed","Item Updated"
"0068p000003od9OAAQ","Disbursed","2022-09-20T01:47:59Z","Disbursed","0068p000003od9OAAQ","Disbursed","Item Updated"
"0068p000003rtp9AAA","Disbursed","2022-09-20T01:47:59Z","Disbursed","0068p000003rtp9AAA","Disbursed","Item Updated"
"0068p000003oCryAAE","Disbursed","2022-09-20T01:47:59Z","Disbursed","0068p000003oCryAAE","Disbursed","Item Updated"
"0068p000003r9iAAAQ","Disbursed","2022-09-20T01:47:59Z","Disbursed","0068p000003r9iAAAQ","Disbursed","Item Updated"
"0068p000003quCvAAI","Disbursed","2022-09-20T01:47:59Z","Disbursed","0068p000003quCvAAI","Disbursed","Item Updated"
"0068p000003kMJiAAM","Disbursed","2022-09-20T01:47:59Z","Disbursed","0068p000003kMJiAAM","Disbursed","Item Updated"
"0068p000003nqhOAAQ","Disbursed","2022-09-20T01:47:59Z","Disbursed","0068p000003nqhOAAQ","Disbursed","Item Updated"
"0068p000003jcOoAAI","Disbursed","2022-09-20T01:47:59Z","Disbursed","0068p000003jcOoAAI","Disbursed","Item Updated"
"0068p000003q2bPAAQ","Disbursed","2022-09-20T01:47:59Z","Disbursed","0068p000003q2bPAAQ","Disbursed","Item Updated"
"0068p000003q3pSAAQ","Disbursed","2022-09-20T01:47:59Z","Disbursed","0068p000003q3pSAAQ","Disbursed","Item Updated"
"0068p000003ntHwAAI","Disbursed","2022-09-20T01:47:59Z","Disbursed","0068p000003ntHwAAI","Disbursed","Item Updated"
"0068p000003q60uAAA","Disbursed","2022-09-20T01:47:59Z","Disbursed","0068p000003q60uAAA","Disbursed","Item Updated"
"0068p000003syVrAAI","Disbursed","2022-09-20T01:47:59Z","Disbursed","0068p000003syVrAAI","Disbursed","Item Updated"
"0068p000003rMLTAA2","Disbursed","2022-09-20T01:47:59Z","Disbursed","0068p000003rMLTAA2","Disbursed","Item Updated"
"0068p000003mtpDAAQ","Disbursed","2022-09-20T01:47:59Z","Disbursed","0068p000003mtpDAAQ","Disbursed","Item Updated"
"0068p000003bsLwAAI","Disbursed","2022-09-20T01:47:59Z","Disbursed","0068p000003bsLwAAI","Disbursed","Item Updated"
"0068p000003rB2rAAE","Disbursed","2022-09-20T01:47:59Z","Disbursed","0068p000003rB2rAAE","Disbursed","Item Updated"
"0068p000003rB3VAAU","Disbursed","2022-09-20T01:47:59Z","Disbursed","0068p000003rB3VAAU","Disbursed","Item Updated"
"0068p000003q1QwAAI","Disbursed","2022-09-20T01:47:59Z","Disbursed","0068p000003q1QwAAI","Disbursed","Item Updated"
"0068p000003oBVwAAM","Disbursed","2022-09-20T01:47:59Z","Disbursed","0068p000003oBVwAAM","Disbursed","Item Updated"
"0068p000003oBVxAAM","Disbursed","2022-09-20T01:47:59Z","Disbursed","0068p000003oBVxAAM","Disbursed","Item Updated"
"0068p000003mtAaAAI","Disbursed","2022-09-20T01:47:59Z","Disbursed","0068p000003mtAaAAI","Disbursed","Item Updated"
"0068p000003j2rIAAQ","Disbursed","2022-09-20T01:47:59Z","Disbursed","0068p000003j2rIAAQ","Disbursed","Item Updated"
"0068p000003j2NTAAY","Disbursed","2022-09-20T01:47:59Z","Disbursed","0068p000003j2NTAAY","Disbursed","Item Updated"
"0068p000003r5ITAAY","Disbursed","2022-09-20T01:47:59Z","Disbursed","0068p000003r5ITAAY","Disbursed","Item Updated"
"0068p000003p9eDAAQ","Disbursed","2022-09-20T01:47:59Z","Disbursed","0068p000003p9eDAAQ","Disbursed","Item Updated"
"0068p000003jcGzAAI","Disbursed","2022-09-20T01:47:59Z","Disbursed","0068p000003jcGzAAI","Disbursed","Item Updated"
"0068p000003mtAbAAI","Disbursed","2022-09-20T01:47:59Z","Disbursed","0068p000003mtAbAAI","Disbursed","Item Updated"
"0068p000003omtLAAQ","Disbursed","2022-09-20T01:47:59Z","Disbursed","0068p000003omtLAAQ","Disbursed","Item Updated"
"0068p000003pv5DAAQ","Disbursed","2022-09-20T01:47:59Z","Disbursed","0068p000003pv5DAAQ","Disbursed","Item Updated"
"0068p000003qDbgAAE","Disbursed","2022-09-20T01:47:59Z","Disbursed","0068p000003qDbgAAE","Disbursed","Item Updated"
"0068p000003nM1JAAU","Disbursed","2022-09-20T01:47:59Z","Disbursed","0068p000003nM1JAAU","Disbursed","Item Updated"
"0068p000003mqRIAAY","Disbursed","2022-09-20T01:47:59Z","Disbursed","0068p000003mqRIAAY","Disbursed","Item Updated"
"0068p000003iMj3AAE","Disbursed","2022-09-20T01:47:59Z","Disbursed","0068p000003iMj3AAE","Disbursed","Item Updated"
"0068p000003oazTAAQ","Disbursed","2022-09-20T01:47:59Z","Disbursed","0068p000003oazTAAQ","Disbursed","Item Updated"
"0068p000003oWEDAA2","Disbursed","2022-09-20T01:47:59Z","Disbursed","0068p000003oWEDAA2","Disbursed","Item Updated"
"0068p000003pZ1vAAE","Disbursed","2022-09-20T01:47:59Z","Disbursed","0068p000003pZ1vAAE","Disbursed","Item Updated"
"0068p000003oky4AAA","Disbursed","2022-09-20T01:47:59Z","Disbursed","0068p000003oky4AAA","Disbursed","Item Updated"
"0068p000003oSfdAAE","Disbursed","2022-09-20T01:47:59Z","Disbursed","0068p000003oSfdAAE","Disbursed","Item Updated"
"0068p000003pau6AAA","Disbursed","2022-09-20T01:47:59Z","Disbursed","0068p000003pau6AAA","Disbursed","Item Updated"
"0068p000003oDP5AAM","Disbursed","2022-09-20T01:47:59Z","Disbursed","0068p000003oDP5AAM","Disbursed","Item Updated"
"0068p000003rnsfAAA","Disbursed","2022-09-20T01:47:59Z","Disbursed","0068p000003rnsfAAA","Disbursed","Item Updated"
"0068p000003qHbLAAU","Disbursed","2022-09-20T01:47:59Z","Disbursed","0068p000003qHbLAAU","Disbursed","Item Updated"
"0068p000003qDucAAE","Disbursed","2022-09-20T01:47:59Z","Disbursed","0068p000003qDucAAE","Disbursed","Item Updated"
"0068p000003qLIIAA2","Disbursed","2022-09-20T01:47:59Z","Disbursed","0068p000003qLIIAA2","Disbursed","Item Updated"
"0068p000003pa6oAAA","Disbursed","2022-09-20T01:47:59Z","Disbursed","0068p000003pa6oAAA","Disbursed","Item Updated"
"0068p000003pZ1uAAE","Disbursed","2022-09-20T01:47:59Z","Disbursed","0068p000003pZ1uAAE","Disbursed","Item Updated"
"0068p000003pZ1wAAE","Disbursed","2022-09-20T01:47:59Z","Disbursed","0068p000003pZ1wAAE","Disbursed","Item Updated"
"0068p000003oE2BAAU","Disbursed","2022-09-20T01:47:59Z","Disbursed","0068p000003oE2BAAU","Disbursed","Item Updated"
"0068p000003pb3KAAQ","Disbursed","2022-09-20T01:47:59Z","Disbursed","0068p000003pb3KAAQ","Disbursed","Item Updated"
"0068p000003ok8vAAA","Disbursed","2022-09-20T01:47:59Z","Disbursed","0068p000003ok8vAAA","Disbursed","Item Updated"
"0068p000003jaTgAAI","Disbursed","2022-09-20T01:47:59Z","Disbursed","0068p000003jaTgAAI","Disbursed","Item Updated"
"0068p000003jYgcAAE","Disbursed","2022-09-20T01:47:59Z","Disbursed","0068p000003jYgcAAE","Disbursed","Item Updated"
"0068p000003jaT6AAI","Disbursed","2022-09-20T01:47:59Z","Disbursed","0068p000003jaT6AAI","Disbursed","Item Updated"
"0068p000003o9yeAAA","Disbursed","2022-09-20T01:47:59Z","Disbursed","0068p000003o9yeAAA","Disbursed","Item Updated"
"0068p000003ov2YAAQ","Disbursed","2022-09-20T01:47:59Z","Disbursed","0068p000003ov2YAAQ","Disbursed","Item Updated"
"0068p000003pZ08AAE","Disbursed","2022-09-20T01:47:59Z","Disbursed","0068p000003pZ08AAE","Disbursed","Item Updated"
"0068p000003omfiAAA","Disbursed","2022-09-20T01:47:59Z","Disbursed","0068p000003omfiAAA","Disbursed","Item Updated"
"0068p000003omhKAAQ","Disbursed","2022-09-20T01:47:59Z","Disbursed","0068p000003omhKAAQ","Disbursed","Item Updated"
"0068p000003qbtvAAA","Disbursed","2022-09-20T01:47:59Z","Disbursed","0068p000003qbtvAAA","Disbursed","Item Updated"
"0068p000003syTWAAY","Disbursed","2022-09-20T01:47:59Z","Disbursed","0068p000003syTWAAY","Disbursed","Item Updated"
"0068p000003rT8lAAE","Disbursed","2022-09-20T01:47:59Z","Disbursed","0068p000003rT8lAAE","Disbursed","Item Updated"
"0068p000003rPt7AAE","Disbursed","2022-09-20T01:47:59Z","Disbursed","0068p000003rPt7AAE","Disbursed","Item Updated"
"0068p000003rPyvAAE","Disbursed","2022-09-20T01:47:59Z","Disbursed","0068p000003rPyvAAE","Disbursed","Item Updated"
"0068p000003lw4eAAA","Disbursed","2022-09-20T01:47:59Z","Disbursed","0068p000003lw4eAAA","Disbursed","Item Updated"
"0068p000003rCYlAAM","Disbursed","2022-09-20T01:47:59Z","Disbursed","0068p000003rCYlAAM","Disbursed","Item Updated"
"0068p000003r4hDAAQ","Disbursed","2022-09-20T01:47:59Z","Disbursed","0068p000003r4hDAAQ","Disbursed","Item Updated"
"0068p000003j1pEAAQ","Disbursed","2022-09-20T01:47:59Z","Disbursed","0068p000003j1pEAAQ","Disbursed","Item Updated"
"0068p000003sBLuAAM","Disbursed","2022-09-20T01:47:59Z","Disbursed","0068p000003sBLuAAM","Disbursed","Item Updated"
"0068p000003sCZMAA2","Disbursed","2022-09-20T01:47:59Z","Disbursed","0068p000003sCZMAA2","Disbursed","Item Updated"
"0068p000003r3n1AAA","Disbursed","2022-09-20T01:47:59Z","Disbursed","0068p000003r3n1AAA","Disbursed","Item Updated"
"0068p000003syTZAAY","Disbursed","2022-09-20T01:47:59Z","Disbursed","0068p000003syTZAAY","Disbursed","Item Updated"
"0068p000003sCBqAAM","Disbursed","2022-09-20T01:47:59Z","Disbursed","0068p000003sCBqAAM","Disbursed","Item Updated"
"0068p000003nLpdAAE","Disbursed","2022-09-20T01:47:59Z","Disbursed","0068p000003nLpdAAE","Disbursed","Item Updated"
"0068p000003nLrMAAU","Disbursed","2022-09-20T01:47:59Z","Disbursed","0068p000003nLrMAAU","Disbursed","Item Updated"
"0068p000003nM1KAAU","Disbursed","2022-09-20T01:47:59Z","Disbursed","0068p000003nM1KAAU","Disbursed","Item Updated"
"0068p000003oAGzAAM","Disbursed","2022-09-20T01:47:59Z","Disbursed","0068p000003oAGzAAM","Disbursed","Item Updated"
"0068p000003rnrmAAA","Disbursed","2022-09-20T01:47:59Z","Disbursed","0068p000003rnrmAAA","Disbursed","Item Updated"
"0068p000003sHgyAAE","Disbursed","2022-09-20T01:47:59Z","Disbursed","0068p000003sHgyAAE","Disbursed","Item Updated"
"0068p000003o9rpAAA","Disbursed","2022-09-20T01:47:59Z","Disbursed","0068p000003o9rpAAA","Disbursed","Item Updated"
"0068p000003pDzCAAU","Disbursed","2022-09-20T01:47:59Z","Disbursed","0068p000003pDzCAAU","Disbursed","Item Updated"
"0068p000003oWECAA2","Disbursed","2022-09-20T01:47:59Z","Disbursed","0068p000003oWECAA2","Disbursed","Item Updated"
"0068p000003qr0zAAA","Disbursed","2022-09-20T01:47:59Z","Disbursed","0068p000003qr0zAAA","Disbursed","Item Updated"
"0068p000003kaEKAAY","Disbursed","2022-09-20T01:47:59Z","Disbursed","0068p000003kaEKAAY","Disbursed","Item Updated"
"0068p000003kjDWAAY","Disbursed","2022-09-20T01:47:59Z","Disbursed","0068p000003kjDWAAY","Disbursed","Item Updated"
"0068p000003k0WMAAY","Disbursed","2022-09-20T01:47:59Z","Disbursed","0068p000003k0WMAAY","Disbursed","Item Updated"
"0068p000003k2h6AAA","Disbursed","2022-09-20T01:47:59Z","Disbursed","0068p000003k2h6AAA","Disbursed","Item Updated"
"0068p000003kXacAAE","Disbursed","2022-09-20T01:47:59Z","Disbursed","0068p000003kXacAAE","Disbursed","Item Updated"
"0068p000003kgVCAAY","Disbursed","2022-09-20T01:47:59Z","Disbursed","0068p000003kgVCAAY","Disbursed","Item Updated"
"0068p000003kiXLAAY","Disbursed","2022-09-20T01:47:59Z","Disbursed","0068p000003kiXLAAY","Disbursed","Item Updated"
"0068p000003khPNAAY","Disbursed","2022-09-20T01:47:59Z","Disbursed","0068p000003khPNAAY","Disbursed","Item Updated"
"0068p000003phdZAAQ","Disbursed","2022-09-20T01:47:59Z","Disbursed","0068p000003phdZAAQ","Disbursed","Item Updated"
"0068p000003oWEBAA2","Disbursed","2022-09-20T01:47:59Z","Disbursed","0068p000003oWEBAA2","Disbursed","Item Updated"
"0068p000003j1pFAAQ","Disbursed","2022-09-20T01:47:59Z","Disbursed","0068p000003j1pFAAQ","Disbursed","Item Updated"
"0068p000003r9cdAAA","Disbursed","2022-09-20T01:47:59Z","Disbursed","0068p000003r9cdAAA","Disbursed","Item Updated"
"0068p000003oheHAAQ","Disbursed","2022-09-20T01:47:59Z","Disbursed","0068p000003oheHAAQ","Disbursed","Item Updated"
"0068p000003oiIcAAI","Disbursed","2022-09-20T01:47:59Z","Disbursed","0068p000003oiIcAAI","Disbursed","Item Updated"
"0068p000003ph7WAAQ","Disbursed","2022-09-20T01:47:59Z","Disbursed","0068p000003ph7WAAQ","Disbursed","Item Updated"
"0068p000003ph7XAAQ","Disbursed","2022-09-20T01:47:59Z","Disbursed","0068p000003ph7XAAQ","Disbursed","Item Updated"
"0068p000003pfpyAAA","Disbursed","2022-09-20T01:47:59Z","Disbursed","0068p000003pfpyAAA","Disbursed","Item Updated"
"0068p000003pfmaAAA","Disbursed","2022-09-20T01:47:59Z","Disbursed","0068p000003pfmaAAA","Disbursed","Item Updated"
"0068p000003ph2kAAA","Disbursed","2022-09-20T01:47:59Z","Disbursed","0068p000003ph2kAAA","Disbursed","Item Updated"
"0068p000003pgxBAAQ","Disbursed","2022-09-20T01:47:59Z","Disbursed","0068p000003pgxBAAQ","Disbursed","Item Updated"
"0068p000003pzLpAAI","Disbursed","2022-09-20T01:47:59Z","Disbursed","0068p000003pzLpAAI","Disbursed","Item Updated"
"0068p000003pzMOAAY","Disbursed","2022-09-20T01:47:59Z","Disbursed","0068p000003pzMOAAY","Disbursed","Item Updated"
"0068p000003od9TAAQ","Disbursed","2022-09-20T01:47:59Z","Disbursed","0068p000003od9TAAQ","Disbursed","Item Updated"
"0068p000003nNAsAAM","Disbursed","2022-09-20T01:47:59Z","Disbursed","0068p000003nNAsAAM","Disbursed","Item Updated"
"0068p000003o9roAAA","Disbursed","2022-09-20T01:47:59Z","Disbursed","0068p000003o9roAAA","Disbursed","Item Updated"
"0068p000003mm35AAA","Disbursed","2022-09-20T01:47:59Z","Disbursed","0068p000003mm35AAA","Disbursed","Item Updated"
"0068p000003rB2sAAE","Disbursed","2022-09-20T01:47:59Z","Disbursed","0068p000003rB2sAAE","Disbursed","Item Updated"
"0068p000003j27SAAQ","Disbursed","2022-09-20T01:47:59Z","Disbursed","0068p000003j27SAAQ","Disbursed","Item Updated"
"0068p000003hYM0AAM","Disbursed","2022-09-20T01:47:59Z","Disbursed","0068p000003hYM0AAM","Disbursed","Item Updated"
"0068p000003khYjAAI","Disbursed","2022-09-20T01:47:59Z","Disbursed","0068p000003khYjAAI","Disbursed","Item Updated"
"0068p000003qOuyAAE","Disbursed","2022-09-20T01:47:59Z","Disbursed","0068p000003qOuyAAE","Disbursed","Item Updated"
"0068p000003nNbEAAU","Disbursed","2022-09-20T01:47:59Z","Disbursed","0068p000003nNbEAAU","Disbursed","Item Updated"
"0068p000003pgnkAAA","Disbursed","2022-09-20T01:47:59Z","Disbursed","0068p000003pgnkAAA","Disbursed","Item Updated"
"0068p000003oWJQAA2","Disbursed","2022-09-20T01:47:59Z","Disbursed","0068p000003oWJQAA2","Disbursed","Item Updated"
"0068p000003mlwWAAQ","Disbursed","2022-09-20T01:47:59Z","Disbursed","0068p000003mlwWAAQ","Disbursed","Item Updated"
"0068p000003pZREAA2","Disbursed","2022-09-20T01:47:59Z","Disbursed","0068p000003pZREAA2","Disbursed","Item Updated"
"0068p000003pgnzAAA","Disbursed","2022-09-20T01:47:59Z","Disbursed","0068p000003pgnzAAA","Disbursed","Item Updated"
"0068p000003mGytAAE","Disbursed","2022-09-20T01:47:59Z","Disbursed","0068p000003mGytAAE","Disbursed","Item Updated"
"0068p000003mGyuAAE","Disbursed","2022-09-20T01:47:59Z","Disbursed","0068p000003mGyuAAE","Disbursed","Item Updated"
"0068p000003pz5pAAA","Disbursed","2022-09-20T01:47:59Z","Disbursed","0068p000003pz5pAAA","Disbursed","Item Updated"
"0068p000003kwEwAAI","Disbursed","2022-09-20T01:47:59Z","Disbursed","0068p000003kwEwAAI","Disbursed","Item Updated"
"0068p000003pflrAAA","Disbursed","2022-09-20T01:47:59Z","Disbursed","0068p000003pflrAAA","Disbursed","Item Updated"
"0068p000003q2c8AAA","Disbursed","2022-09-20T01:47:59Z","Disbursed","0068p000003q2c8AAA","Disbursed","Item Updated"
"0068p000003kJGIAA2","Disbursed","2022-09-20T01:47:59Z","Disbursed","0068p000003kJGIAA2","Disbursed","Item Updated"
"0068p000003kJGWAA2","Disbursed","2022-09-20T01:47:59Z","Disbursed","0068p000003kJGWAA2","Disbursed","Item Updated"
"0068p000003kM1KAAU","Disbursed","2022-09-20T01:47:59Z","Disbursed","0068p000003kM1KAAU","Disbursed","Item Updated"
"0068p000003kN2PAAU","Disbursed","2022-09-20T01:47:59Z","Disbursed","0068p000003kN2PAAU","Disbursed","Item Updated"
"0068p000003n6xPAAQ","Disbursed","2022-09-20T01:47:59Z","Disbursed","0068p000003n6xPAAQ","Disbursed","Item Updated"
"0068p000003o3xrAAA","Disbursed","2022-09-20T01:47:59Z","Disbursed","0068p000003o3xrAAA","Disbursed","Item Updated"
"0068p000003oCfJAAU","Disbursed","2022-09-20T01:47:59Z","Disbursed","0068p000003oCfJAAU","Disbursed","Item Updated"
"0068p000003mPV6AAM","Disbursed","2022-09-20T01:47:59Z","Disbursed","0068p000003mPV6AAM","Disbursed","Item Updated"
"0068p000003p2X7AAI","Disbursed","2022-09-20T01:47:59Z","Disbursed","0068p000003p2X7AAI","Disbursed","Item Updated"
